200,4,1,-1,16777,5,22,Thick Cloth Vest
201,4,1,-1,16778,7,22,Thick Cloth Pants
202,4,1,-1,16780,8,22,Thick Cloth Shoes
203,4,1,-1,16779,10,22,Thick Cloth Gloves
236,4,2,-1,14278,5,22,Cured Leather Armor
237,4,2,-1,14476,7,22,Cured Leather Pants
238,4,2,-1,14474,8,22,Cured Leather Boots
239,4,2,-1,14475,10,22,Cured Leather Gloves
285,4,3,-1,16101,5,22,Scalemail Vest
286,4,3,-1,10400,7,22,Scalemail Pants
287,4,3,-1,12745,8,22,Scalemail Boots
710,4,1,-1,16936,9,14,Bracers of the People's Militia
718,4,3,-1,6986,10,22,Scalemail Gloves
720,4,2,-1,2368,10,28,Brawler Gloves
744,4,0,-1,18059,12,44,Thunderbrew's Boot Flask
753,2,7,-1,20094,13,28,Dragonmaw Shortsword
754,2,7,-1,20218,13,47,Shortsword of Vengeance
756,2,1,-1,6264,17,29,Tunnel Pick
763,4,2,-1,17007,9,12,Ice-covered Bracers
776,2,15,-1,6452,13,31,Vendetta
789,2,4,-1,19699,21,22,Stout Battlehammer
790,2,0,-1,19401,21,23,Forester's Axe
791,2,10,-1,20334,17,31,Gnarled Ash Staff
816,2,15,-1,6472,13,11,Small Hand Blade
820,2,15,-1,6470,13,17,Slicer Blade
821,4,2,-1,17102,5,13,Riverpaw Leather Vest
826,2,0,-1,19271,13,15,Brutish Riverpaw Axe
827,2,4,-1,3498,13,17,Wicked Blackjack
832,4,3,-1,6847,6,15,Silver Defias Belt
837,4,1,-1,14466,5,17,Heavy Weave Armor
838,4,1,-1,14468,7,17,Heavy Weave Pants
839,4,1,-1,14467,10,17,Heavy Weave Gloves
840,4,1,-1,16821,8,17,Heavy Weave Shoes
843,4,2,-1,14470,8,17,Tanned Leather Boots
844,4,2,-1,2101,10,17,Tanned Leather Gloves
845,4,2,-1,9640,7,17,Tanned Leather Pants
846,4,2,-1,14472,5,17,Tanned Leather Jerkin
847,4,3,-1,1019,5,17,Chainmail Armor
848,4,3,-1,697,7,17,Chainmail Pants
849,4,3,-1,6869,8,17,Chainmail Boots
850,4,3,-1,6871,10,17,Chainmail Gloves
851,2,7,-1,22077,13,15,Cutlass
852,2,4,-1,8287,13,14,Mace
853,2,0,-1,22102,13,16,Hatchet
854,2,10,-1,22147,17,16,Quarter Staff
859,4,0,-1,9880,4,17,Fine Cloth Shirt
860,4,1,-1,3443,8,13,Cavalier's Boots
862,4,0,-1,18397,11,50,Runed Ring
863,2,0,-1,19213,13,37,Gloom Reaper
864,2,7,-1,26579,13,38,Knightly Longsword
865,2,4,-1,5212,13,31,Leaden Mace
866,2,10,-1,20357,17,42,Monk's Staff
872,2,1,-1,19242,17,21,Rockslicer
880,2,10,-1,20382,17,23,Staff of Horrors
885,2,0,-1,8494,13,24,Black Metal Axe
886,2,7,-1,20093,13,26,Black Metal Shortsword
888,4,2,-1,17182,10,27,Naga Battle Gloves
890,2,10,-1,20386,17,24,Twisted Chanter's Staff
892,4,1,-1,16950,10,22,Gnoll Casting Gloves
897,4,2,-1,17011,9,29,Madwolf Bracers
899,2,15,-1,6459,13,19,Venom Web Fang
911,2,5,-1,28628,17,25,Ironwood Treebranch
913,2,8,-1,20170,17,29,Huge Ogre Sword
914,4,3,-1,2829,5,30,Large Ogre Chain Armor
920,2,4,-1,19703,13,25,Wicked Spiked Mace
922,2,8,-1,22097,17,26,Dacian Falx
923,2,7,-1,22080,21,26,Longsword
924,2,5,-1,22131,17,26,Maul
925,2,4,-1,4351,21,25,Flail
926,2,1,-1,22108,17,25,Battle Axe
927,2,0,-1,22106,13,24,Double Axe
928,2,10,-1,22151,17,25,Long Staff
934,2,0,-1,19405,13,37,Stalvan's Reaper
935,2,7,-1,8274,13,20,Night Watch Shortsword
936,2,4,-1,5215,13,38,Midnight Mace
937,2,10,-1,20329,17,38,Black Duskwood Staff
1009,2,4,-1,8583,21,13,Compact Hammer
1028,4,3,-1,13275,1,20,Deprecated Dented Skullcap
1076,4,0,-1,6012,11,25,Defias Renegade Ring
1077,4,0,-1,9836,11,26,Defias Mage Ring
1116,4,0,-1,6011,11,31,Ring of Pure Silver
1121,4,2,-1,703,8,24,Feet of the Lynx
1131,4,0,-1,9557,23,25,Totem of Infliction
1154,4,3,-1,6833,6,14,Belt of the People's Militia
1155,2,10,-1,20327,17,29,Rod of the Sleepwalker
1156,4,0,-1,9839,11,22,Lavishly Jeweled Ring
1172,4,0,-1,12313,23,21,Grayson's Torch
1189,4,0,-1,963,11,20,Overseer's Ring
1190,4,1,-1,15120,16,20,Overseer's Cloak
1192,4,3,-1,13277,1,20,Deprecated Overseer's Helm
1193,4,6,-1,27782,14,17,Banded Buckler
1196,2,1,-1,22114,17,14,Tabar
1197,2,5,-1,5226,17,15,Giant Mace
1198,2,8,-1,22095,17,15,Claymore
1202,4,6,-1,2329,14,17,Wall Shield
1203,4,6,-1,2594,14,54,Aegis of Stormwind
1207,2,4,-1,5223,13,39,Murphstar
1211,4,2,-1,14260,5,15,Gnoll War Harness
1213,4,2,-1,3613,9,14,Gnoll Kindred Bracers
1214,2,4,-1,19625,13,17,Gnoll Punisher
1215,4,2,-1,16942,6,22,Support Girdle
1218,2,5,-1,5527,17,21,Heavy Gnoll War Club
1219,2,7,-1,20122,13,16,Redridge Machete
1220,2,1,-1,19232,17,20,Lupine Axe
1254,4,0,-1,24380,28,28,Lesser Firestone (DEPRECATED)
1264,2,5,-1,5530,17,26,Headbasher
1265,2,7,-1,20156,13,39,Scorpion Sting
1270,4,1,-1,23113,16,15,Finely Woven Cloak
1273,4,3,-1,12723,5,25,Forest Chain
1275,4,3,-1,1019,5,25,Deputy Chain Coat
1276,4,6,-1,2210,14,27,Fire Hardened Buckler
1280,4,2,-1,15298,1,38,Cloaked Hood
1282,4,3,-1,15324,1,33,Sparkmetal Coif
1287,2,15,-1,6447,13,15,Giant Tarantula Fang
1292,2,0,-1,8466,13,25,Butcher's Cleaver
1296,2,4,-1,5195,13,21,Blackrock Mace
1297,4,1,-1,19035,20,31,Robes of the Shadowcaster
1298,4,1,-1,6305,9,18,Deprecated Night Mage Wristguards
1299,4,1,-1,16717,6,22,Lesser Belt of the Spire
1300,2,10,-1,20391,17,20,Lesser Staff of the Spire
1302,4,2,-1,17174,10,18,Black Whelp Gloves
1303,4,3,-1,6871,10,20,Bridgeworker's Gloves
1304,4,1,-1,16818,10,20,Riding Gloves
1306,4,2,-1,11387,9,20,Wolfmane Wristguards
1310,4,2,-1,16971,7,20,Smith's Trousers
1314,4,2,-1,17179,10,20,Ghoul Fingers
1317,2,10,-1,20377,17,25,Hardened Root Staff
1318,2,1,-1,19290,17,23,Night Reaver
1319,4,0,-1,14437,11,25,Ring of Iron Will
1351,4,1,-1,16897,9,28,Fingerbone Bracers
1355,4,1,-1,23014,16,15,Buckskin Cape
1363,4,1,-1,13223,1,15,Deprecated Captain Sanders' Eyepatch
1387,2,8,-1,20087,17,19,Ghoulfang
1391,2,10,-1,20410,17,18,Riverpaw Mystic Staff
1394,2,4,-1,5203,13,15,Driftwood Club
1404,4,0,-1,6499,12,41,Tidal Charm
1405,2,10,-1,5540,17,17,Foamspittle Staff
1406,2,6,-1,5638,17,21,Pearl-encrusted Spear
1436,4,2,-1,17144,7,17,Frontier Britches
1440,2,4,-1,8570,13,19,Gnoll Skull Basher
1445,4,3,-1,10167,3,23,Blackrock Pauldrons
1446,4,3,-1,6841,8,19,Blackrock Boots
1448,4,3,-1,6842,10,20,Blackrock Gauntlets
1449,4,0,-1,9823,11,24,Minor Channeling Ring
1454,2,0,-1,8457,13,27,Axe of the Enforcer
1455,2,1,-1,22214,17,24,Blackrock Champion's Axe
1457,2,4,-1,19683,13,22,Shadowhide Mace
1458,2,5,-1,8601,17,23,Shadowhide Maul
1459,2,0,-1,19136,13,24,Shadowhide Scalper
1460,2,8,-1,20109,17,20,Shadowhide Two-handed Sword
1461,2,1,-1,19375,17,25,Slayer's Battle Axe
1462,4,0,-1,9846,11,25,Ring of the Shadow
1465,2,15,-1,20594,13,38,Tigerbane
1469,2,7,-1,20154,13,19,Scimitar of Atun
1473,2,10,-1,20402,17,19,Riverside Staff
1479,4,1,-1,16710,10,12,Salma's Oven Mitts
1480,2,4,-1,9381,13,17,Fist of the People's Militia
1481,2,0,-1,25595,13,25,Grimclaw
1482,2,7,-1,20089,13,24,Shadowfang
1483,2,4,-1,9117,13,21,Face Smasher
1484,2,10,-1,9122,17,22,Witching Stave
1485,2,6,-1,7464,17,25,Pitchfork
1486,4,1,-1,9889,5,24,Tree Bark Jacket
1488,4,3,-1,12960,5,31,Avenger's Armor
1489,4,2,-1,8676,5,25,Gloomshroud Armor
1490,4,0,-1,6502,12,50,Guardian Talisman
1491,4,0,-1,9836,11,25,Ring of Precision
1493,2,7,-1,5165,13,27,Heavy Marauder Scimitar
1495,4,1,-1,16553,8,13,Calico Shoes
1497,4,1,-1,23094,16,14,Calico Cloak
1498,4,1,-1,14348,10,15,Calico Gloves
1499,4,1,-1,16552,7,11,Calico Pants
1501,4,1,-1,16551,5,13,Calico Tunic
1502,4,2,-1,16947,6,14,Warped Leather Belt
1503,4,2,-1,14846,8,15,Warped Leather Boots
1504,4,2,-1,17024,9,11,Warped Leather Bracers
1505,4,1,-1,23076,16,12,Warped Cloak
1506,4,2,-1,17077,10,13,Warped Leather Gloves
1507,4,2,-1,17156,7,14,Warped Leather Pants
1509,4,2,-1,18466,5,11,Warped Leather Vest
1510,2,4,-1,19775,21,12,Heavy Hammer
1511,2,7,-1,20173,21,13,Commoner's Sword
1512,2,1,-1,19226,17,12,Crude Battle Axe
1513,2,8,-1,20092,17,14,Old Greatsword
1514,2,5,-1,19533,17,14,Rusty Warhammer
1515,2,10,-1,20421,17,12,Rough Wooden Staff
1516,2,0,-1,8498,21,14,Worn Hatchet
1521,2,1,-1,19306,17,44,Lumbering Ogre Axe
1522,2,6,-1,22239,17,36,Headhunting Spear
1523,2,5,-1,5534,17,36,Huge Stone Club
1539,2,10,-1,20395,17,19,Gnarled Hermit's Staff
1547,4,6,-1,21551,14,30,Shield of the Faith
1557,4,6,-1,18456,14,20,Buckler of the Seas
1560,4,1,-1,16856,8,21,Bluegill Sandals
1561,4,1,-1,12671,20,15,Harvester's Robe
1566,2,8,-1,20078,17,17,Edge of the People's Militia
1602,2,0,-1,8489,13,39,Sickle Axe
1604,2,8,-1,63370,17,45,Chromatic Sword
1607,2,10,-1,20272,17,54,Soulkeeper
1608,2,4,-1,19743,13,47,Skullcrusher Mace
1613,2,10,-1,28470,17,44,Spiritchaser Staff
1624,4,3,-1,15340,1,43,Skullsplitter Helm
1625,2,8,-1,26586,17,41,Exquisite Flamberge
1639,2,1,-1,5128,17,49,Grinning Axe
1640,2,1,-1,8526,17,42,Monstrous War Axe
1659,4,1,-1,1795,10,40,Engineering Gloves
1664,2,10,-1,18289,17,41,Spellforce Rod
1677,4,3,-1,8678,5,46,Drake-scale Vest
1678,4,3,-1,11269,8,37,Black Ogre Kickers
1679,2,5,-1,5137,17,36,Korg Bat
1680,2,1,-1,19304,17,44,Headchopper
1713,4,0,-1,23949,12,45,Ankh of Life
1714,4,0,-1,9858,2,43,Necklace of Calisea
1715,4,3,-1,8683,5,44,Polished Jazeraint Armor
1716,4,1,-1,16667,20,40,Robe of the Magi
1717,4,3,-1,12960,5,30,Double Link Tunic
1718,4,2,-1,17137,7,43,Basilisk Hide Pants
1720,2,10,-1,21460,17,46,Tanglewood Staff
1721,2,4,-1,8581,13,54,Viking Warhammer
1722,2,5,-1,15467,17,42,Thornstone Sledgehammer
1726,2,6,-1,20749,17,36,Poison-tipped Bone Spear
1727,2,7,-1,5166,13,28,Sword of Decay
1730,4,3,-1,6902,6,12,Worn Mail Belt
1731,4,3,-1,6903,8,13,Worn Mail Boots
1732,4,3,-1,6904,9,14,Worn Mail Bracers
1733,4,1,-1,15272,16,15,Worn Cloak
1734,4,3,-1,6905,10,11,Worn Mail Gloves
1735,4,3,-1,687,7,12,Worn Mail Pants
1737,4,3,-1,977,5,14,Worn Mail Vest
1738,4,3,-1,6902,6,19,Laced Mail Belt
1739,4,3,-1,6903,8,20,Laced Mail Boots
1740,4,3,-1,6904,9,16,Laced Mail Bracers
1741,4,1,-1,15065,16,17,Laced Cloak
1742,4,3,-1,6905,10,18,Laced Mail Gloves
1743,4,3,-1,687,7,19,Laced Mail Pants
1744,4,3,-1,6914,3,20,Laced Mail Shoulderpads
1745,4,3,-1,977,5,16,Laced Mail Vest
1746,4,3,-1,6902,6,25,Linked Chain Belt
1747,4,3,-1,6903,8,21,Linked Chain Boots
1748,4,3,-1,6904,9,22,Linked Chain Bracers
1749,4,1,-1,15074,16,23,Linked Chain Cloak
1750,4,3,-1,6905,10,24,Linked Chain Gloves
1751,4,3,-1,687,7,25,Linked Chain Pants
1752,4,3,-1,6914,3,21,Linked Chain Shoulderpads
1753,4,3,-1,977,5,22,Linked Chain Vest
1754,4,3,-1,6902,6,26,Reinforced Chain Belt
1755,4,3,-1,6903,8,27,Reinforced Chain Boots
1756,4,3,-1,6904,9,28,Reinforced Chain Bracers
1757,4,1,-1,15181,16,29,Reinforced Chain Cloak
1758,4,3,-1,6905,10,30,Reinforced Chain Gloves
1759,4,3,-1,687,7,26,Reinforced Chain Pants
1760,4,3,-1,6914,3,27,Reinforced Chain Shoulderpads
1761,4,3,-1,977,5,28,Reinforced Chain Vest
1764,4,1,-1,7578,8,17,Canvas Shoes
1766,4,1,-1,23095,16,18,Canvas Cloak
1767,4,1,-1,14065,10,19,Canvas Gloves
1768,4,1,-1,14064,7,20,Canvas Pants
1769,4,1,-1,16786,3,20,Canvas Shoulderpads
1770,4,1,-1,14378,5,17,Canvas Vest
1772,4,1,-1,3757,8,23,Brocade Shoes
1774,4,1,-1,23093,16,24,Brocade Cloak
1775,4,1,-1,14370,10,25,Brocade Gloves
1776,4,1,-1,12930,7,21,Brocade Pants
1777,4,1,-1,14371,3,22,Brocade Shoulderpads
1778,4,1,-1,14377,5,23,Brocade Vest
1780,4,1,-1,16820,8,29,Cross-stitched Sandals
1782,4,1,-1,23102,16,30,Cross-stitched Cloak
1783,4,1,-1,14373,10,26,Cross-stitched Gloves
1784,4,1,-1,14374,7,27,Cross-stitched Pants
1785,4,1,-1,14121,3,28,Cross-stitched Shoulderpads
1786,4,1,-1,14376,5,29,Cross-stitched Vest
1787,4,2,-1,14360,6,18,Patched Leather Belt
1788,4,2,-1,16990,8,19,Patched Leather Boots
1789,4,2,-1,3653,9,20,Patched Leather Bracers
1790,4,1,-1,23050,16,16,Patched Cloak
1791,4,2,-1,972,10,17,Patched Leather Gloves
1792,4,2,-1,6731,7,18,Patched Leather Pants
1793,4,2,-1,14361,3,20,Patched Leather Shoulderpads
1794,4,2,-1,14272,5,20,Patched Leather Jerkin
1795,4,2,-1,16935,6,24,Rawhide Belt
1796,4,2,-1,16992,8,25,Rawhide Boots
1797,4,2,-1,17015,9,21,Rawhide Bracers
1798,4,1,-1,23058,16,22,Rawhide Cloak
1799,4,2,-1,17066,10,23,Rawhide Gloves
1800,4,2,-1,16967,7,24,Rawhide Pants
1801,4,2,-1,15002,3,25,Rawhide Shoulderpads
1802,4,2,-1,16895,5,21,Rawhide Tunic
1803,4,2,-1,16945,6,30,Tough Leather Belt
1804,4,2,-1,16998,8,26,Tough Leather Boots
1805,4,2,-1,17022,9,27,Tough Leather Bracers
1806,4,1,-1,23072,16,28,Tough Cloak
1807,4,2,-1,17072,10,29,Tough Leather Gloves
1808,4,2,-1,16977,7,30,Tough Leather Pants
1809,4,2,-1,14205,3,26,Tough Leather Shoulderpads
1810,4,2,-1,14418,5,27,Tough Leather Armor
1811,2,8,-1,20037,17,17,Blunt Claymore
1812,2,1,-1,19245,17,17,Short-handled Battle Axe
1813,2,10,-1,20413,17,18,Chipped Quarterstaff
1814,2,5,-1,19534,17,19,Battered Mallet
1815,2,4,-1,5217,21,17,Ornamental Mace
1816,2,0,-1,8495,21,19,Unbalanced Axe
1817,2,7,-1,20164,21,19,Stock Shortsword
1818,2,8,-1,20183,17,24,Standard Claymore
1819,2,0,-1,14039,21,22,Gouging Pick
1820,2,5,-1,19535,17,22,Wooden Maul
1821,2,7,-1,5151,21,24,Warped Blade
1822,2,10,-1,20385,17,23,Cedar Walking Stick
1823,2,4,-1,6794,21,22,Bludgeoning Cudgel
1824,2,1,-1,19292,17,23,Shiny War Axe
1825,2,4,-1,19784,21,28,Bulky Bludgeon
1826,2,5,-1,8587,17,27,Rock Maul
1827,2,0,-1,8482,21,27,Meat Cleaver
1828,2,1,-1,19369,17,27,Stone War Axe
1829,2,7,-1,15591,21,29,Short Cutlass
1830,2,8,-1,4129,17,28,Long Bastard Sword
1831,2,10,-1,20361,17,28,Oaken War Staff
1832,4,1,-1,16845,7,17,Lucky Trousers
1843,4,2,-1,14469,6,17,Tanned Leather Belt
1844,4,2,-1,14471,9,17,Tanned Leather Bracers
1845,4,3,-1,6864,6,17,Chainmail Belt
1846,4,3,-1,13617,9,17,Chainmail Bracers
1849,4,2,-1,16914,6,22,Cured Leather Belt
1850,4,2,-1,14282,9,22,Cured Leather Bracers
1852,4,3,-1,6985,9,22,Scalemail Bracers
1853,4,3,-1,10410,6,22,Scalemail Belt
1893,2,1,-1,19234,17,20,Miner's Revenge
1914,4,0,-1,6505,12,40,Deprecated Miniature Silver Hammer
1925,2,7,-1,20114,13,16,Defias Rapier
1926,2,4,-1,5218,13,15,Weighted Sap
1927,2,0,-1,19276,13,15,Deadmines Cleaver
1928,2,10,-1,20415,17,16,Defias Mage Staff
1929,4,1,-1,16848,7,18,Silk-threaded Trousers
1930,4,1,-1,23067,16,18,Stonemason Cloak
1933,2,10,-1,20418,17,15,Staff of Conjuring
1934,4,2,-1,6774,7,20,Stonemason Trousers
1935,2,15,-1,20471,13,24,Assassin's Blade
1936,2,15,-1,20399,13,18,Goblin Screwdriver
1937,2,7,-1,5040,13,21,Buzz Saw
1938,2,4,-1,8565,13,22,Block Mallet
1943,4,3,-1,697,7,19,Goblin Mail Leggings
1944,4,2,-1,17062,10,18,Metalworking Gloves
1945,4,2,-1,17189,10,18,Woodworking Gloves
1951,2,7,-1,8279,13,19,Blackwater Cutlass
1955,4,3,-1,6907,8,27,Dragonmaw Chain Boots
1958,2,4,-1,1759,13,17,Petrified Shinbone
1959,2,1,-1,14038,17,17,Cold Iron Pick
1974,4,1,-1,16901,9,22,Mindthrust Bracers
1975,2,8,-1,20179,17,28,Pysan's Old Greatsword
1976,2,5,-1,8590,17,29,Slaghammer
1978,4,2,-1,12813,10,27,Wolfclaw Gloves
1986,2,8,-1,20638,17,41,Gutrender
1988,4,3,-1,25892,10,38,Chief Brigadier Gauntlets
1990,2,5,-1,5533,17,36,Ballast Maul
1991,2,5,-1,18269,17,34,Goblin Power Shovel
1992,4,0,-1,21612,23,38,Swampchill Fetish
1993,4,0,-1,14436,11,36,Ogremind Ring
1994,2,0,-1,19129,13,46,Ebonclaw Reaver
1996,4,0,-1,9840,11,37,Voodoo Band
1997,4,1,-1,16670,20,34,Pressed Felt Robe
1998,2,10,-1,20356,17,33,Bloodscalp Channeling Staff
2000,2,8,-1,20251,17,35,Archeus
2011,2,7,-1,20120,13,26,Twisted Sabre
2013,2,10,-1,20373,17,26,Cryptbone Staff
2014,2,8,-1,5176,17,29,Black Metal Greatsword
2015,2,1,-1,19255,17,28,Black Metal War Axe
2016,4,3,-1,1727,5,26,Dusty Chain Armor
2017,4,2,-1,6738,9,28,Glowing Leather Bracers
2018,2,7,-1,20088,13,27,Skeletal Longsword
2020,2,15,-1,20492,13,18,Hollowfang Blade
2021,4,6,-1,18650,14,21,Green Carapace Shield
2024,2,8,-1,22096,17,21,Espadon
2025,2,1,-1,22115,17,20,Bearded Axe
2026,2,5,-1,8593,17,21,Rock Hammer
2027,2,7,-1,22079,13,19,Scimitar
2028,2,4,-1,22119,13,21,Hammer
2029,2,0,-1,19281,13,20,Cleaver
2030,2,10,-1,22146,17,20,Gnarled Staff
2032,4,1,-1,16887,9,36,Gallan Cuffs
2033,4,2,-1,10711,8,25,Ambassador's Boots
2034,4,1,-1,12699,20,25,Scholarly Robes
2035,2,7,-1,5161,13,24,Sword of the Night Sky
2036,4,2,-1,17054,10,18,Dusty Mining Gloves
2037,4,3,-1,11447,8,18,Tunneler's Boots
2039,4,0,-1,6012,11,29,Plains Ring
2040,4,6,-1,18399,14,48,Troll Protector
2041,4,2,-1,8703,5,24,Tunic of Westfall
2042,2,10,-1,20379,17,24,Staff of Westfall
2043,4,0,-1,6011,11,35,Ring of Forlorn Spirits
2044,2,0,-1,19220,13,35,Crescent of Forlorn Spirits
2046,2,7,-1,22226,13,24,Bluegill Kukri
2058,2,5,-1,19611,17,27,Kazon's Maul
2059,4,1,-1,22991,16,24,Sentry Cloak
2064,2,4,-1,19650,21,11,Trogg Club
2069,4,2,-1,16868,5,12,Black Bear Hide Vest
2072,2,10,-1,20363,17,27,Dwarven Magestaff
2073,2,0,-1,19134,21,15,Dwarven Hatchet
2074,2,7,-1,20168,13,18,Solid Shortblade
2075,2,4,-1,5218,21,12,Priest's Mace
2077,2,10,-1,28578,17,29,Magician Staff
2078,2,7,-1,20157,13,18,Northern Shortsword
2079,2,4,-1,19637,13,17,Sergeant's Warhammer
2080,2,0,-1,19400,13,34,Hillborne Axe
2084,2,8,-1,20152,17,30,Darksteel Bastard Sword
2087,4,2,-1,17095,5,13,Hard Crawler Carapace
2088,2,15,-1,6455,13,15,Long Crawler Limb
2089,2,15,-1,20407,13,18,Scrimshaw Dagger
2098,2,3,-1,28718,26,27,Double-barreled Shotgun
2140,2,15,-1,6440,13,11,Carving Knife
2141,4,2,-1,8655,5,27,Cuirboulli Vest
2142,4,2,-1,17117,6,27,Cuirboulli Belt
2143,4,2,-1,2355,8,27,Cuirboulli Boots
2144,4,2,-1,3602,9,27,Cuirboulli Bracers
2145,4,2,-1,14480,10,27,Cuirboulli Gloves
2146,4,2,-1,14481,7,27,Cuirboulli Pants
2148,4,3,-1,6926,6,27,Polished Scale Belt
2149,4,3,-1,6972,8,27,Polished Scale Boots
2150,4,3,-1,6973,9,27,Polished Scale Bracers
2151,4,3,-1,6975,10,27,Polished Scale Gloves
2152,4,3,-1,2989,7,27,Polished Scale Leggings
2153,4,3,-1,8683,5,27,Polished Scale Vest
2156,4,1,-1,16858,8,27,Padded Boots
2158,4,1,-1,14478,10,27,Padded Gloves
2159,4,1,-1,14479,7,27,Padded Pants
2160,4,1,-1,14477,5,27,Padded Armor
2166,4,3,-1,685,7,20,Foreman's Leggings
2167,4,2,-1,17178,10,20,Foreman's Gloves
2168,4,1,-1,16713,8,21,Foreman's Boots
2169,2,15,-1,20347,13,21,Buzzer Blade
2175,2,1,-1,8534,17,23,Shadowhide Battle Axe
2194,2,4,-1,8567,13,25,Diamond Hammer
2203,2,1,-1,8506,17,19,Brashclaw's Chopper
2204,2,8,-1,20038,17,17,Brashclaw's Skewer
2205,2,8,-1,20153,17,25,Duskbringer
2207,2,15,-1,22137,13,16,Jambiya
2208,2,15,-1,22142,13,19,Poniard
2209,2,15,-1,22139,13,24,Kris
2214,4,6,-1,17884,14,15,Wooden Buckler
2215,4,6,-1,18670,14,11,Wooden Shield
2216,4,6,-1,18486,14,16,Simple Buckler
2217,4,6,-1,18665,14,17,Rectangular Shield
2218,2,15,-1,20451,13,13,Craftsman's Dagger
2219,4,6,-1,18485,14,22,Small Round Shield
2220,4,6,-1,18729,14,23,Box Shield
2221,4,6,-1,18484,14,28,Targe Shield
2222,4,6,-1,2559,14,29,Tower Shield
2225,2,15,-1,20470,13,11,Sharp Kitchen Knife
2226,2,10,-1,20372,17,27,Ogremage Staff
2227,2,1,-1,22219,17,27,Heavy Ogre War Axe
2230,4,3,-1,6930,10,24,Gloves of Brawn
2231,4,1,-1,16671,20,40,Inferno Robe
2232,4,1,-1,4272,8,25,Dark Runner Boots
2233,4,2,-1,18489,7,27,Shadow Weaver Leggings
2234,4,1,-1,8677,5,30,Nightwalker Armor
2235,2,15,-1,20598,13,19,Brackclaw
2236,2,15,-1,20345,13,25,Blackfang
2240,4,1,-1,23061,16,15,Rugged Cape
2241,4,1,-1,15248,16,20,Desperado Cape
2254,2,5,-1,19612,17,12,Icepane Warhammer
2256,2,4,-1,5221,13,24,Skeletal Club
2262,4,0,-1,9840,11,36,Mark of Kern
2263,2,7,-1,5170,13,25,Phytoblade
2264,4,2,-1,12830,3,30,Mantle of Thieves
2265,2,0,-1,19297,13,13,Stonesplinter Axe
2266,2,15,-1,20427,13,13,Stonesplinter Dagger
2267,2,4,-1,5208,13,15,Stonesplinter Mace
2271,2,10,-1,20346,17,23,Staff of the Blessed Seer
2273,4,3,-1,16114,5,15,Guerrilla Armor
2274,4,3,-1,6883,10,17,Sapper's Gloves
2275,4,3,-1,13279,1,20,Deprecated Sentinel Coif
2276,4,2,-1,16996,8,37,Swampwalker Boots
2277,4,1,-1,3173,7,35,Necromancer Leggings
2278,4,2,-1,17190,3,31,Forest Tracker Epaulets
2280,2,10,-1,20370,17,27,Kam's Walking Stick
2281,2,0,-1,19297,13,11,Rodentia Flint Axe
2283,4,1,-1,16831,6,15,Rat Cloth Belt
2284,4,1,-1,23132,16,15,Rat Cloth Cloak
2292,4,1,-1,19037,20,25,Necrology Robes
2299,2,1,-1,19389,17,33,Burning War Axe
2300,4,2,-1,9502,5,12,Embossed Leather Vest
2307,4,2,-1,17163,8,18,Fine Leather Boots
2308,4,1,-1,23028,16,15,Fine Leather Cloak
2309,4,2,-1,13864,8,15,Embossed Leather Boots
2310,4,1,-1,23025,16,13,Embossed Leather Cloak
2311,4,2,-1,17233,5,13,White Leather Jerkin
2312,4,2,-1,5406,10,15,Fine Leather Gloves
2314,4,2,-1,9531,5,24,Toughened Leather Armor
2315,4,2,-1,9530,8,20,Dark Leather Boots
2316,4,1,-1,23021,16,22,Dark Leather Cloak
2317,4,2,-1,17214,5,20,Dark Leather Tunic
2423,4,3,-1,8642,5,50,Brigandine Vest
2424,4,3,-1,6853,6,50,Brigandine Belt
2425,4,3,-1,2976,7,50,Brigandine Leggings
2426,4,3,-1,6854,8,50,Brigandine Boots
2427,4,3,-1,6855,9,50,Brigandine Bracers
2428,4,3,-1,6856,10,50,Brigandine Gloves
2429,4,1,-1,14484,5,37,Russet Vest
2431,4,1,-1,14483,7,37,Russet Pants
2432,4,1,-1,1861,8,37,Russet Boots
2434,4,1,-1,14482,10,37,Russet Gloves
2435,4,1,-1,16769,5,50,Embroidered Armor
2437,4,1,-1,16770,7,50,Embroidered Pants
2438,4,1,-1,16772,8,50,Embroidered Boots
2440,4,1,-1,16771,10,50,Embroidered Gloves
2441,4,6,-1,18468,14,22,Ringed Buckler
2442,4,6,-1,2324,14,27,Reinforced Targe
2443,4,6,-1,18477,14,37,Metal Buckler
2444,4,6,-1,18516,14,50,Ornate Buckler
2445,4,6,-1,18749,14,22,Large Metal Shield
2446,4,6,-1,18733,14,27,Kite Shield
2448,4,6,-1,18732,14,37,Heavy Pavise
2451,4,6,-1,18772,14,50,Crested Heater Shield
2463,4,2,-1,16900,5,37,Studded Doublet
2464,4,2,-1,11558,6,37,Studded Belt
2465,4,2,-1,17031,7,37,Studded Pants
2467,4,2,-1,17165,8,37,Studded Boots
2468,4,2,-1,17020,9,37,Studded Bracers
2469,4,2,-1,17027,10,37,Studded Gloves
2470,4,2,-1,14496,5,50,Reinforced Leather Vest
2471,4,2,-1,14492,6,50,Reinforced Leather Belt
2472,4,2,-1,14495,7,50,Reinforced Leather Pants
2473,4,2,-1,14295,8,50,Reinforced Leather Boots
2474,4,2,-1,14493,9,50,Reinforced Leather Bracers
2475,4,2,-1,2686,10,50,Reinforced Leather Gloves
2507,2,2,-1,20714,15,16,Laminated Recurve Bow
2511,2,3,-1,20728,26,14,Hunter's Boomstick
2520,2,7,-1,22085,21,36,Broadsword
2521,2,8,-1,22084,17,36,Flamberge
2522,2,0,-1,8485,21,35,Crescent Axe
2523,2,1,-1,22216,17,35,Bullova
2524,2,4,-1,8803,21,34,Truncheon
2525,2,5,-1,22133,17,35,War Hammer
2526,2,15,-1,22141,13,34,Main Gauche
2527,2,10,-1,22150,17,36,Battle Staff
2528,2,7,-1,22081,21,46,Falchion
2529,2,8,-1,22098,17,46,Zweihander
2530,2,0,-1,22105,21,46,Francisca
2531,2,1,-1,22111,17,44,Great Axe
2532,2,4,-1,22120,21,46,Morning Star
2533,2,5,-1,22134,17,45,War Maul
2534,2,15,-1,22140,13,44,Rondel
2535,2,10,-1,20389,17,45,War Staff
2545,4,3,-1,3043,7,26,Malleable Chain Leggings
2546,4,3,-1,6981,6,11,Royal Frostmane Girdle
2549,2,10,-1,20330,17,27,Staff of the Shade
2562,4,0,-1,6488,23,23,Bouquet of Scarlet Begonias
2564,4,2,-1,4485,10,50,Elven Spirit Claws
2565,4,0,-1,6555,23,35,Rod of Molten Fire
2566,4,1,-1,16666,20,27,Sacrificial Robes
2567,2,15,-1,20590,13,23,Evocator's Blade
2569,4,1,-1,17120,8,13,Linen Boots
2578,4,1,-1,10891,5,14,Barbaric Linen Vest
2579,4,0,-1,12864,4,14,Green Linen Shirt
2580,4,1,-1,23133,16,12,Reinforced Linen Cape
2582,4,1,-1,12394,5,17,Green Woolen Vest
2583,4,1,-1,13524,8,19,Woolen Boots
2584,4,1,-1,23144,16,16,Woolen Cape
2585,4,1,-1,12669,20,21,Gray Woolen Robe
2587,4,0,-1,10892,4,20,Gray Woolen Shirt
2588,4,2,-1,13253,1,20,Deprecated Red Leather Mask
2613,4,1,-1,12661,20,13,Double-stitched Robes
2614,4,1,-1,16614,20,17,Robe of Apprenticeship
2615,4,1,-1,12655,20,29,Chromatic Robe
2616,4,1,-1,12701,20,23,Shimmering Silk Robes
2617,4,1,-1,12654,20,37,Burning Robes
2618,4,1,-1,12702,20,50,Silver Dress Robes
2620,4,1,-1,15284,1,39,Augural Shroud
2621,4,1,-1,15295,1,36,Cowl of Necromancy
2622,4,1,-1,13244,1,37,Nimar's Tribal Headdress
2623,4,1,-1,15336,1,41,Holy Diadem
2624,4,1,-1,15547,1,42,Thinking Cap
2632,2,15,-1,20473,13,14,Curved Dagger
2664,2,15,-1,20441,13,18,Spinner Fang
2694,4,3,-1,28250,7,17,Settler's Leggings
2721,4,1,-1,16826,1,32,Holy Shroud
2763,2,15,-1,6437,13,14,Fisherman Knife
2764,2,15,-1,6444,13,18,Small Dagger
2765,2,15,-1,20383,13,23,Hunting Knife
2766,2,15,-1,6445,13,29,Deft Stiletto
2777,2,2,-1,2787,15,13,Feeble Shortbow
2778,2,3,-1,20654,26,13,Cheap Blunderbuss
2780,2,2,-1,20712,15,19,Light Hunting Bow
2781,2,3,-1,20979,26,18,Dirty Blunderbuss
2782,2,2,-1,20671,15,24,Mishandled Recurve Bow
2783,2,3,-1,20717,26,22,Shoddy Blunderbuss
2785,2,2,-1,20668,15,28,Stiff Recurve Bow
2786,2,3,-1,20718,26,29,Oiled Blunderbuss
2800,4,1,-1,21114,20,26,Black Velvet Robes
2802,4,0,-1,6484,12,43,Blazing Emblem
2805,4,1,-1,23084,16,34,Yeti Fur Cloak
2807,2,0,-1,9118,13,23,Guillotine Axe
2808,2,14,-1,3947,13,29,Torch of Holy Flame
2815,2,0,-1,8465,13,45,Curve-bladed Ripper
2816,2,4,-1,19669,21,33,Death Speaker Scepter
2817,4,2,-1,17103,5,12,Soft Leather Tunic
2818,4,2,-1,1963,7,15,Stretched Leather Trousers
2819,2,15,-1,6443,13,28,Cross Dagger
2820,4,0,-1,6540,12,50,Nifty Stopwatch
2821,2,4,-1,19633,13,18,Mo'grosh Masher
2822,2,8,-1,20091,17,18,Mo'grosh Toothpick
2823,2,1,-1,19236,17,19,Mo'grosh Can Opener
2848,2,4,-1,5198,21,22,Bronze Mace
2849,2,0,-1,19929,21,23,Bronze Axe
2850,2,7,-1,3855,21,24,Bronze Shortsword
2851,4,3,-1,23529,6,11,Copper Chain Belt
2854,4,3,-1,25851,9,19,Runed Copper Bracers
2857,4,3,-1,25852,6,18,Runed Copper Belt
2864,4,3,-1,25848,5,18,Runed Copper Breastplate
2865,4,3,-1,4333,7,21,Rough Bronze Leggings
2866,4,3,-1,23530,5,23,Rough Bronze Cuirass
2867,4,3,-1,23532,9,23,Rough Bronze Bracers
2868,4,3,-1,23533,9,25,Patterned Bronze Bracers
2869,4,3,-1,9403,5,26,Silvered Bronze Breastplate
2870,4,3,-1,23540,5,29,Shining Silver Breastplate
2877,2,8,-1,20151,17,33,Combatant Claymore
2878,2,0,-1,8469,13,30,Bearded Boneaxe
2879,4,0,-1,13109,23,22,Antipodean Rod
2899,4,2,-1,16949,6,15,Wendigo Collar
2902,4,1,-1,23099,16,30,Cloak of the Faith
2903,2,2,-1,8107,15,15,Daryl's Hunting Bow
2904,2,3,-1,20732,26,16,Daryl's Hunting Rifle
2906,4,3,-1,2922,7,26,Darkshire Mail Leggings
2907,2,1,-1,19227,17,20,Dwarven Tree Chopper
2908,2,15,-1,20605,13,20,Thornblade
2910,4,3,-1,6931,8,25,Gold Militia Boots
2911,4,1,-1,9898,6,23,Keller's Girdle
2912,2,15,-1,20320,13,32,Claw of the Shadowmancer
2913,4,1,-1,16828,3,28,Silk Mantle of Gamn
2916,4,6,-1,2934,14,34,Gold Lion Shield
2917,4,0,-1,9850,11,33,Tranquil Ring
2918,4,3,-1,13274,1,26,Deprecated Coif of Inner Strength
2921,4,0,-1,6485,12,15,Blessed Relic
2922,4,0,-1,6564,12,20,Spirit Relic
2933,4,0,-1,9845,11,31,Seal of Wrynn
2941,2,15,-1,20359,13,26,Prison Shank
2942,2,13,-1,3007,13,26,Iron Knuckles
2943,4,0,-1,21600,23,31,Eye of Paleth
2944,4,0,-1,21598,23,31,Cursed Eye of Paleth
2949,4,2,-1,16989,8,25,Mariner Boots
2950,2,10,-1,20378,17,25,Icicle Rod
2951,4,0,-1,9851,11,36,Ring of the Underwood
2953,4,1,-1,23077,16,33,Watch Master's Cloak
2954,4,1,-1,14615,7,33,Night Watch Pantaloons
2955,4,1,-1,16545,1,40,First Mate Hat
2957,4,1,-1,14499,5,11,Journeyman's Vest
2961,4,2,-1,17093,5,11,Burnt Leather Vest
2965,4,3,-1,22677,5,11,Warrior's Tunic
2969,4,1,-1,14524,5,17,Spellbinder Vest
2970,4,1,-1,14529,7,16,Spellbinder Pants
2971,4,1,-1,14531,8,14,Spellbinder Boots
2972,4,1,-1,14528,10,14,Spellbinder Gloves
2973,4,2,-1,14539,5,17,Hunting Tunic
2974,4,2,-1,14537,7,16,Hunting Pants
2975,4,2,-1,14534,8,14,Hunting Boots
2976,4,2,-1,14536,10,15,Hunting Gloves
2977,4,3,-1,22689,5,16,Veteran Armor
2978,4,3,-1,22693,7,15,Veteran Leggings
2979,4,3,-1,22690,8,14,Veteran Boots
2980,4,3,-1,12450,10,15,Veteran Gloves
2981,4,1,-1,14549,20,21,Seer's Robe
2982,4,1,-1,14554,7,20,Seer's Pants
2983,4,1,-1,14552,8,17,Seer's Boots
2984,4,1,-1,16789,10,18,Seer's Gloves
2985,4,2,-1,9739,5,21,Inscribed Leather Breastplate
2986,4,2,-1,11369,7,20,Inscribed Leather Pants
2987,4,2,-1,11373,8,18,Inscribed Leather Boots
2988,4,2,-1,14411,10,19,Inscribed Leather Gloves
2989,4,3,-1,25769,5,21,Burnished Tunic
2990,4,3,-1,25768,7,21,Burnished Leggings
2991,4,3,-1,25765,8,21,Burnished Boots
2992,4,3,-1,16731,10,20,Burnished Gloves
2995,4,3,-1,13273,1,23,Deprecated Burnished Chain Coif
3004,4,0,-1,6551,12,15,Relic of the Dead
3005,4,0,-1,6553,12,20,Relic of Truth
3011,4,2,-1,13259,1,36,Feathered Headdress
3018,4,1,-1,23027,16,23,Hide of Lupos
3019,4,1,-1,12682,20,18,Noble's Robe
3020,4,2,-1,21294,1,33,Enduring Cap
3021,2,2,-1,20673,15,25,Ranger Bow
3022,4,2,-1,16534,7,23,Bluegill Breeches
3023,2,3,-1,20727,26,21,Large Bore Blunderbuss
3024,2,3,-1,20726,26,26,BKP 2700 "Enforcer"
3025,2,3,-1,20725,26,36,BKP 42 "Ultra"
3026,2,2,-1,20675,15,21,Reinforced Bow
3027,2,2,-1,20670,15,25,Heavy Recurve Bow
3036,2,2,-1,5392,15,15,Heavy Shortbow
3037,2,2,-1,20653,15,34,Whipwood Recurve Bow
3039,2,2,-1,20672,15,23,Short Ash Bow
3040,2,3,-1,20740,26,19,Hunter's Muzzle Loader
3041,2,3,-1,20729,26,31,"Mage-Eye" Blunderbuss
3042,2,3,-1,20734,26,33,BKP "Sparrow" Smallbore
3045,4,3,-1,25778,8,27,Lambent Scale Boots
3046,4,3,-1,13276,1,26,Deprecated Glinting Scale Crown
3047,4,3,-1,25782,10,27,Lambent Scale Gloves
3048,4,3,-1,11525,7,26,Lambent Scale Legguards
3049,4,3,-1,25780,5,27,Lambent Scale Breastplate
3052,4,3,-1,13283,1,26,Deprecated Winter Mail Coif
3053,4,3,-1,3293,5,28,Humbert's Chestpiece
3055,4,2,-1,8665,5,26,Forest Leather Chestpiece
3056,4,2,-1,16954,7,26,Forest Leather Pants
3057,4,2,-1,16984,8,24,Forest Leather Boots
3058,4,2,-1,17055,10,25,Forest Leather Gloves
3062,4,2,-1,3206,10,25,Deprecated Deepwood Gloves
3063,4,2,-1,13250,1,27,Deprecated Deepwood Helm
3065,4,1,-1,27547,8,23,Bright Boots
3066,4,1,-1,27550,10,24,Bright Gloves
3067,4,1,-1,3217,7,26,Bright Pants
3068,4,1,-1,16824,1,32,Deprecated Silver-thread Cowl
3069,4,1,-1,27554,20,27,Bright Robe
3071,2,0,-1,19209,21,12,Striking Hatchet
3072,4,1,-1,16694,20,26,Smoldering Robe
3073,4,1,-1,16846,7,26,Smoldering Pants
3074,4,1,-1,12420,10,24,Smoldering Gloves
3076,4,1,-1,4873,8,23,Smoldering Boots
3078,2,2,-1,20669,15,26,Naga Heartpiercer
3079,2,3,-1,20738,26,12,Skorn's Rifle
3103,2,5,-1,8588,17,12,Coldridge Hammer
3154,2,0,-1,18340,13,18,Thelsamar Axe
3158,4,2,-1,10412,9,12,Burnt Hide Bracers
3160,4,6,-1,3304,14,15,Ironplate Buckler
3161,4,1,-1,16696,20,15,Robe of the Keeper
3166,4,3,-1,12965,5,15,Ironheart Chain
3184,2,15,-1,20396,13,20,Hook Dagger
3185,2,10,-1,20362,17,34,Acrobatic Staff
3186,2,7,-1,26576,21,30,Viking Sword
3187,2,15,-1,20573,13,44,Sacrificial Kris
3188,2,8,-1,20072,17,15,Coral Claymore
3191,2,1,-1,11165,17,26,Arced War Axe
3192,2,8,-1,26590,17,12,Short Bastard Sword
3193,2,5,-1,19545,17,21,Oak Mallet
3194,2,5,-1,19622,17,21,Black Malice
3195,2,1,-1,8499,17,18,Barbaric Battle Axe
3196,2,8,-1,26585,17,18,Edged Bastard Sword
3197,2,8,-1,20184,17,35,Stonecutter Claymore
3198,2,5,-1,8585,17,23,Battering Hammer
3199,2,1,-1,19372,17,22,Battle Slayer
3201,2,1,-1,19283,17,28,Barbarian War Axe
3202,4,2,-1,10216,9,24,Forest Leather Bracers
3203,2,5,-1,5228,17,28,Dense Triangle Mace
3204,4,2,-1,3606,9,26,Deepwood Bracers
3205,4,2,-1,14410,9,17,Inscribed Leather Bracers
3206,2,8,-1,20186,17,28,Cavalier Two-hander
3207,4,2,-1,14535,9,14,Hunting Bracers
3208,2,5,-1,5232,17,48,Conk Hammer
3209,2,8,-1,20250,17,32,Ancient War Sword
3210,2,1,-1,19275,17,30,Brutal War Axe
3211,4,3,-1,25766,9,19,Burnished Bracers
3212,4,3,-1,25779,9,26,Lambent Scale Bracers
3213,4,3,-1,6953,9,13,Veteran Bracers
3217,4,1,-1,16787,6,15,Foreman Belt
3222,2,15,-1,20607,13,19,Wicked Dagger
3223,2,4,-1,19624,13,11,Frostmane Scepter
3227,2,10,-1,20381,17,23,Nightbane Staff
3228,4,3,-1,10402,9,26,Jimmied Handcuffs
3229,4,1,-1,9917,6,23,Tarantula Silk Sash
3230,4,2,-1,17166,9,26,Black Wolf Bracers
3231,4,3,-1,10166,3,25,Cutthroat Pauldrons
3235,4,0,-1,9840,11,20,Ring of Scorn
3279,4,3,-1,26927,8,12,Battle Chain Boots
3281,4,3,-1,27175,10,11,Battle Chain Gloves
3282,4,3,-1,26932,7,12,Battle Chain Pants
3283,4,3,-1,26933,5,13,Battle Chain Tunic
3284,4,2,-1,27993,8,12,Tribal Boots
3286,4,2,-1,27995,10,12,Tribal Gloves
3287,4,2,-1,28591,7,12,Tribal Pants
3288,4,2,-1,27996,5,13,Tribal Vest
3289,4,1,-1,14514,8,11,Ancestral Boots
3290,4,1,-1,14509,10,12,Ancestral Gloves
3291,4,1,-1,14511,7,13,Ancestral Woollies
3292,4,1,-1,14513,5,13,Ancestral Tunic
3302,4,3,-1,26944,8,15,Brackwater Boots
3303,4,3,-1,26945,9,12,Brackwater Bracers
3304,4,3,-1,28997,10,14,Brackwater Gauntlets
3305,4,3,-1,26948,7,16,Brackwater Leggings
3306,4,3,-1,26949,5,18,Brackwater Vest
3307,4,1,-1,11060,8,15,Barbaric Cloth Boots
3308,4,1,-1,16592,10,15,Barbaric Cloth Gloves
3309,4,1,-1,16591,7,16,Barbaric Loincloth
3310,4,1,-1,16590,5,18,Barbaric Cloth Vest
3311,4,2,-1,14544,8,15,Ceremonial Leather Ankleguards
3312,4,2,-1,14545,9,13,Ceremonial Leather Bracers
3313,4,2,-1,28047,5,18,Ceremonial Leather Harness
3314,4,2,-1,14546,10,15,Ceremonial Leather Gloves
3315,4,2,-1,14547,7,17,Ceremonial Leather Loincloth
3324,4,1,-1,21457,3,28,Ghostly Mantle
3329,2,4,-1,5204,21,11,Spiked Wooden Plank
3330,4,3,-1,12971,5,13,Dargol's Hauberk
3331,4,1,-1,15196,16,12,Melrache's Cape
3336,2,15,-1,20341,13,29,Flesh Piercer
3341,4,3,-1,6920,10,32,Gauntlets of Ogre Strength
3342,4,0,-1,7843,4,15,Captain Sanders' Shirt
3344,4,1,-1,4511,6,15,Captain Sanders' Sash
3345,4,1,-1,15912,1,37,Silk Wizard Hat
3360,4,0,-1,3573,23,30,Stitches' Femur
3374,4,1,-1,16554,6,14,Calico Belt
3375,4,1,-1,16555,9,12,Calico Bracers
3376,4,1,-1,16819,6,18,Canvas Belt
3377,4,1,-1,14111,9,19,Canvas Bracers
3378,4,1,-1,16807,6,21,Brocade Belt
3379,4,1,-1,16806,9,22,Brocade Bracers
3380,4,1,-1,16784,6,30,Cross-stitched Belt
3381,4,1,-1,16913,9,28,Cross-stitched Bracers
3392,4,2,-1,21310,1,30,Ringed Helm
3400,2,7,-1,20110,13,25,Lucine Longsword
3413,2,15,-1,20589,13,25,Doomspike
3414,2,4,-1,5198,13,27,Crested Scepter
3415,2,10,-1,20339,17,24,Staff of the Friar
3416,4,3,-1,12971,5,26,Martyr's Chain
3417,2,8,-1,20174,17,26,Onyx Claymore
3419,4,0,-1,6549,23,20,Red Rose
3420,4,0,-1,6483,23,40,Black Rose
3422,4,0,-1,6479,23,30,Beautiful Wildflowers
3423,4,0,-1,6489,23,50,Bouquet of White Roses
3426,4,0,-1,16610,4,30,Bold Yellow Shirt
3427,4,0,-1,7905,4,40,Stylish Black Shirt
3428,4,0,-1,10892,4,20,Common Gray Shirt
3429,4,2,-1,4532,6,24,Guardsman Belt
3430,2,3,-1,6612,26,44,Sniper Rifle
3431,4,2,-1,17092,5,25,Bone-studded Leather
3440,2,5,-1,6806,17,13,Bonecracker
3442,4,1,-1,4500,6,12,Apprentice Sash
3444,4,2,-1,8698,5,11,Tiller's Vest
3445,2,15,-1,20599,13,12,Ceremonial Knife
3446,2,10,-1,20419,17,13,Darkwood Staff
3449,4,1,-1,23127,16,15,Mystic Shawl
3450,4,6,-1,18659,14,15,Faerleia's Shield
3451,4,0,-1,6541,23,18,Nightglow Concoction
3452,2,10,-1,5120,17,22,Ceranium Rod
3453,4,1,-1,16907,9,12,Quilted Bracers
3454,4,1,-1,3755,8,14,Reconnaissance Boots
3455,2,7,-1,20015,13,11,Deathstalker Shortsword
3457,4,1,-1,16850,7,18,Stamped Trousers
3458,4,3,-1,6982,10,18,Rugged Mail Gloves
3461,4,1,-1,12672,20,24,High Robe of the Adjudicator
3462,2,7,-1,28607,13,24,Talonstrike
3472,4,3,-1,25850,10,12,Runed Copper Gauntlets
3473,4,3,-1,25849,7,13,Runed Copper Pants
3474,4,3,-1,9390,10,15,Gemmed Copper Gauntlets
3480,4,3,-1,23531,3,22,Rough Bronze Shoulders
3481,4,3,-1,9407,3,25,Silvered Bronze Shoulders
3482,4,3,-1,9404,8,26,Silvered Bronze Boots
3483,4,3,-1,9406,10,27,Silvered Bronze Gauntlets
3484,4,3,-1,9412,8,29,Green Iron Boots
3485,4,3,-1,9414,10,30,Green Iron Gauntlets
3487,2,8,-1,20196,17,19,Heavy Copper Broadsword
3488,2,1,-1,8516,17,13,Copper Battle Axe
3489,2,0,-1,8496,13,17,Thick War Axe
3490,2,15,-1,6445,13,25,Deadly Bronze Poniard
3491,2,4,-1,5211,13,25,Heavy Bronze Mace
3492,2,4,-1,3780,13,30,Mighty Iron Hammer
3493,2,2,-1,20664,15,30,Raptor's End
3511,4,1,-1,23020,16,15,Cloak of the People's Militia
3555,4,1,-1,16615,20,25,Robe of Solomon
3556,4,1,-1,16544,1,30,Dread Mage Hat
3558,4,1,-1,16528,20,25,Fen Keeper Robe
3559,4,3,-1,11626,10,21,Night Watch Gauntlets
3560,4,1,-1,20715,3,35,Mantle of Honor
3561,4,1,-1,23135,16,26,Resilient Poncho
3562,4,2,-1,16910,6,27,Belt of Vindication
3563,4,1,-1,3179,7,20,Seafarer's Pantaloons
3565,4,1,-1,14127,10,20,Beerstained Gloves
3566,4,2,-1,17101,5,29,Raptorbane Armor
3567,2,3,-1,6601,26,19,Dwarven Fishing Pole
3569,4,1,-1,18122,20,26,Vicar's Robe
3570,2,4,-1,8100,13,16,Bonegrinding Pestle
3571,2,5,-1,19546,17,21,Trogg Beater
3572,2,7,-1,5151,13,17,Daryl's Shortsword
3578,4,2,-1,9380,7,15,Harvester's Pants
3581,2,15,-1,20414,13,18,Serrated Knife
3582,4,1,-1,23085,16,18,Acidproof Cloak
3583,4,2,-1,16948,6,12,Weathered Belt
3585,4,2,-1,16876,5,22,Camouflaged Tunic
3586,2,1,-1,19231,17,16,Logsplitter
3587,4,1,-1,16773,6,50,Embroidered Belt
3588,4,1,-1,16774,9,50,Embroidered Bracers
3589,4,1,-1,16788,6,17,Heavy Weave Belt
3590,4,1,-1,16816,9,17,Heavy Weave Bracers
3591,4,1,-1,16834,6,27,Padded Belt
3592,4,1,-1,3645,9,27,Padded Bracers
3593,4,1,-1,16835,6,37,Russet Belt
3594,4,1,-1,3740,9,37,Russet Bracers
3597,4,1,-1,16782,6,22,Thick Cloth Belt
3598,4,1,-1,3895,9,22,Thick Cloth Bracers
3643,4,1,-1,14342,9,14,Spellbinder Bracers
3644,4,1,-1,16595,9,12,Barbaric Cloth Bracers
3645,4,1,-1,16915,9,17,Seer's Cuffs
3647,4,1,-1,14566,9,23,Bright Bracers
3648,4,6,-1,18492,14,11,Warrior's Buckler
3649,4,6,-1,18512,14,11,Tribal Buckler
3651,4,6,-1,2052,14,15,Veteran Shield
3652,4,6,-1,18488,14,14,Hunting Buckler
3653,4,6,-1,1673,14,15,Ceremonial Buckler
3654,4,6,-1,18657,14,14,Brackwater Shield
3655,4,6,-1,18696,14,21,Burnished Shield
3656,4,6,-1,18702,14,27,Lambent Scale Shield
3719,4,1,-1,23040,16,30,Hillman's Cloak
3732,4,1,-1,15339,1,30,Hooded Cowl
3733,4,3,-1,4085,5,23,Orcish War Chain
3738,2,10,-1,20374,17,25,Brewing Rod
3739,4,0,-1,16132,11,25,Skull Ring
3740,2,7,-1,22226,21,24,Decapitating Sword
3741,4,2,-1,17164,8,24,Stomping Boots
3742,2,2,-1,20667,15,28,Bow of Plunder
3743,4,6,-1,6275,14,28,Sentry Buckler
3747,4,2,-1,11167,6,30,Meditative Sash
3748,4,1,-1,10169,3,26,Feline Mantle
3749,4,1,-1,23118,16,30,High Apothecary Cloak
3750,4,2,-1,8732,5,30,Ribbed Breastplate
3751,4,3,-1,3083,7,30,Mercenary Leggings
3752,4,1,-1,8666,5,22,Grunt Vest
3753,4,2,-1,17129,6,34,Shepherd's Girdle
3754,4,2,-1,17186,10,33,Shepherd's Gloves
3755,2,0,-1,19228,13,32,Fish Gutter
3758,4,3,-1,6902,6,33,Crusader Belt
3759,4,1,-1,16944,10,33,Insulated Sage Gloves
3760,4,0,-1,963,11,32,Band of the Undercity
3761,4,6,-1,18769,14,32,Deadskull Shield
3763,4,6,-1,6272,14,40,Lunar Buckler
3764,4,1,-1,3750,8,40,Mantis Boots
3765,4,3,-1,6971,3,40,Brigand's Pauldrons
3778,2,2,-1,20660,15,31,Taut Compound Bow
3779,2,1,-1,19287,17,32,Hefty War Axe
3780,2,3,-1,20717,26,33,Long-barreled Musket
3781,2,8,-1,20150,17,34,Broad Claymore
3782,2,5,-1,19532,17,35,Large War Club
3783,2,7,-1,20216,21,36,Light Scimitar
3784,2,10,-1,20350,17,37,Metal Stave
3785,2,0,-1,8480,21,38,Keen Axe
3786,2,15,-1,6468,13,39,Shiny Dirk
3787,2,4,-1,19694,21,40,Stone Club
3792,4,1,-1,12424,6,34,Interlaced Belt
3793,4,1,-1,6190,8,32,Interlaced Boots
3794,4,1,-1,16571,9,38,Interlaced Bracers
3795,4,1,-1,23120,16,36,Interlaced Cloak
3796,4,1,-1,16569,10,33,Interlaced Gloves
3797,4,1,-1,14711,7,39,Interlaced Pants
3798,4,1,-1,14091,3,35,Interlaced Shoulderpads
3799,4,1,-1,16568,5,37,Interlaced Vest
3800,4,2,-1,19042,6,39,Hardened Leather Belt
3801,4,2,-1,19043,8,35,Hardened Leather Boots
3802,4,2,-1,14803,9,34,Hardened Leather Bracers
3803,4,1,-1,23036,16,38,Hardened Cloak
3804,4,2,-1,19044,10,36,Hardened Leather Gloves
3805,4,2,-1,19041,7,32,Hardened Leather Pants
3806,4,2,-1,11270,3,37,Hardened Leather Shoulderpads
3807,4,2,-1,19040,5,33,Hardened Leather Tunic
3808,4,3,-1,6902,6,34,Double Mail Belt
3809,4,3,-1,6903,8,32,Double Mail Boots
3810,4,3,-1,6904,9,38,Double Mail Bracers
3811,4,1,-1,15121,16,37,Double-stitched Cloak
3812,4,3,-1,6905,10,36,Double Mail Gloves
3813,4,3,-1,687,7,35,Double Mail Pants
3814,4,3,-1,6914,3,39,Double Mail Shoulderpads
3815,4,3,-1,977,5,33,Double Mail Vest
3816,4,6,-1,4130,14,36,Reflective Heater
3817,4,6,-1,18481,14,33,Reinforced Buckler
3822,2,8,-1,20180,17,32,Runic Darkblade
3835,4,3,-1,9417,9,33,Green Iron Bracers
3836,4,3,-1,25658,1,34,Green Iron Helm
3837,4,3,-1,15333,1,38,Golden Scale Coif
3840,4,3,-1,9422,3,32,Green Iron Shoulders
3841,4,3,-1,9424,3,35,Golden Scale Shoulders
3842,4,3,-1,9415,7,31,Green Iron Leggings
3843,4,3,-1,9242,7,34,Golden Scale Leggings
3844,4,3,-1,13088,5,36,Green Iron Hauberk
3845,4,3,-1,9425,5,40,Golden Scale Cuirass
3846,4,3,-1,23537,8,37,Polished Steel Boots
3847,4,3,-1,9426,8,40,Golden Scale Boots
3848,2,15,-1,6434,13,20,Big Bronze Knife
3849,2,7,-1,5153,13,32,Hardened Iron Shortsword
3850,2,7,-1,20215,13,35,Jade Serpentblade
3851,2,5,-1,19647,17,31,Solid Iron Maul
3852,2,5,-1,15468,17,34,Golden Iron Destroyer
3853,2,8,-1,7324,17,36,Moonsteel Broadsword
3854,2,8,-1,20252,17,40,Frost Tiger Blade
3855,2,1,-1,8528,17,37,Massive Iron Axe
3856,2,1,-1,8533,17,40,Shadow Crescent Axe
3884,4,2,-1,13249,1,22,Deprecated Cured Leather Cap
3889,4,1,-1,15908,1,37,Russet Hat
3890,4,2,-1,17204,1,37,Studded Hat
3891,4,3,-1,15318,1,37,Augmented Chain Helm
3892,4,1,-1,16775,1,50,Embroidered Hat
3893,4,2,-1,21308,1,50,Reinforced Leather Cap
3894,4,3,-1,15320,1,50,Brigandine Helm
3902,2,10,-1,20412,17,18,Staff of Nobles
3934,2,8,-1,4291,21,24,Deprecated Warden Blade
3935,2,7,-1,7311,13,25,Smotts' Cutlass
3936,4,1,-1,16722,6,42,Crochet Belt
3937,4,1,-1,16721,8,46,Crochet Boots
3938,4,1,-1,16724,9,44,Crochet Bracers
3939,4,1,-1,23101,16,47,Crochet Cloak
3940,4,1,-1,16720,10,48,Crochet Gloves
3941,4,1,-1,16719,7,45,Crochet Pants
3942,4,1,-1,14396,3,49,Crochet Shoulderpads
3943,4,1,-1,16718,5,43,Crochet Vest
3944,4,1,-1,16704,6,53,Twill Belt
3945,4,1,-1,16703,8,55,Twill Boots
3946,4,1,-1,9894,9,54,Twill Bracers
3947,4,1,-1,16707,16,52,Twill Cloak
3950,4,1,-1,16706,3,56,Twill Shoulderpads
3951,4,1,-1,16700,5,57,Twill Vest
